epoch,accuracy,loss,val_accuracy,val_loss
0,0.8028824,0.4905616024983509,0.8142708,0.4124114647521154
1,0.8117833,0.41328079676295115,0.8154827,0.4020241075733044
