epoch,accuracy,loss,val_accuracy,val_loss
0,0.7980365,0.5392208987729538,0.80702263,0.45116135804757657
1,0.8120801,0.42883194027950583,0.81321234,0.41447427366735506
