epoch,accuracy,loss,val_accuracy,val_loss
0,0.9229515,0.2969564893152408,0.9254322,0.23734743538955635
1,0.92466193,0.23464062176965675,0.9254322,0.2285953157062546
