epoch,accuracy,loss,val_accuracy,val_loss
0,0.9240221,0.3407456179130734,0.9241283,0.2590213712249342
1,0.92514956,0.24417955872288033,0.9241283,0.23656612702845414
